question,answer_a,answer_b,run1_winner,run2_winner,winner_after_swap,run1_reason,run2_reason
"What is the purpose of Decree 13/2023/ND-CP?","This is Version A answer for: What is the purpose...","This is Version B answer (enhanced with re-ranker)...","A","A","A","Answer A is concise and directly addresses the purpose","Answer A is concise and directly addresses the purpose"
"What are the key principles of personal data protection...","This is Version A answer for: What are the key...","This is Version B answer (enhanced with re-ranker)...","B","B","B","Answer B provides more comprehensive coverage","Answer B provides more comprehensive coverage"
"What categories of personal data are defined in the decree?","This is Version A answer for: What categories...","This is Version B answer (enhanced with re-ranker)...","A","A","A","Answer A is clear and accurate","Answer A is clear and accurate"
"What rights do data subjects have under the decree?","This is Version A answer for: What rights do...","This is Version B answer (enhanced with re-ranker)...","B","B","B","Answer B is more detailed","Answer B is more detailed"
"What are the obligations of data controllers?","This is Version A answer for: What are the...","This is Version B answer (enhanced with re-ranker)...","A","A","A","Answer A covers all key obligations","Answer A covers all key obligations"
"What is the timeline for reporting data breaches?","This is Version A answer for: What is the timeline...","This is Version B answer (enhanced with re-ranker)...","A","A","A","Answer A is specific and accurate","Answer A is specific and accurate"
"What information must be included in a breach notification?","This is Version A answer for: What information...","This is Version B answer (enhanced with re-ranker)...","B","B","B","Answer B lists all required elements","Answer B lists all required elements"
"When must data subjects be notified of a breach?","This is Version A answer for: When must data...","This is Version B answer (enhanced with re-ranker)...","A","A","A","Answer A clarifies the high-risk condition","Answer A clarifies the high-risk condition"
"What are the penalties for failing to report a data breach?","This is Version A answer for: What are the penalties...","This is Version B answer (enhanced with re-ranker)...","A","A","A","Answer A covers all penalty types","Answer A covers all penalty types"
"Is cross-border data transfer generally allowed?","This is Version A answer for: Is cross-border data...","This is Version B answer (enhanced with re-ranker)...","A","A","A","Answer A is direct and accurate","Answer A is direct and accurate"
"When is cross-border data transfer permitted?","This is Version A answer for: When is cross-border...","This is Version B answer (enhanced with re-ranker)...","B","B","B","Answer B provides comprehensive conditions","Answer B provides comprehensive conditions"
"Which countries have adequate data protection...","This is Version A answer for: Which countries have...","This is Version B answer (enhanced with re-ranker)...","A","A","A","Answer A is accurate","Answer A is accurate"
"What safeguards are required for transfers to non-adequate...","This is Version A answer for: What safeguards are...","This is Version B answer (enhanced with re-ranker)...","B","B","B","Answer B lists all safeguards","Answer B lists all safeguards"
"What documentation is required for cross-border transfers?","This is Version A answer for: What documentation...","This is Version B answer (enhanced with re-ranker)...","A","A","A","Answer A covers required documentation","Answer A covers required documentation"
"What are the requirements for valid consent?","This is Version A answer for: What are the requirements...","This is Version B answer (enhanced with re-ranker)...","A","A","A","Answer A lists all requirements","Answer A lists all requirements"
"When is explicit consent required?","This is Version A answer for: When is explicit consent...","This is Version B answer (enhanced with re-ranker)...","B","B","B","Answer B is more comprehensive","Answer B is more comprehensive"
"What must consent forms include?","This is Version A answer for: What must consent...","This is Version B answer (enhanced with re-ranker)...","A","A","A","Answer A covers all elements","Answer A covers all elements"
"What special consent rules apply to children?","This is Version A answer for: What special consent...","This is Version B answer (enhanced with re-ranker)...","A","A","A","Answer A is clear","Answer A is clear"
"When can employee data be processed without consent?","This is Version A answer for: When can employee data...","This is Version B answer (enhanced with re-ranker)...","B","B","B","Answer B explains the legal basis well","Answer B explains the legal basis well"
"When must a Data Protection Officer be appointed?","This is Version A answer for: When must a Data...","This is Version A answer for: When must a Data...","A","A","A","Answer A is accurate","Answer A is accurate"
"What qualifications should a DPO have?","This is Version A answer for: What qualifications...","This is Version B answer (enhanced with re-ranker)...","A","A","A","Answer A covers key qualifications","Answer A covers key qualifications"
"What are the DPO's responsibilities?","This is Version A answer for: What are the DPO's...","This is Version B answer (enhanced with re-ranker)...","B","B","B","Answer B is more detailed","Answer B is more detailed"
"How is DPO independence ensured?","This is Version A answer for: How is DPO independence...","This is Version B answer (enhanced with re-ranker)...","A","A","A","Answer A covers all protection mechanisms","Answer A covers all protection mechanisms"
"When must a DPO be registered?","This is Version A answer for: When must a DPO be...","This is Version B answer (enhanced with re-ranker)...","A","A","A","Answer A is specific","Answer A is specific"
"How does the data minimization principle interact...","This is Version A answer for: How does the data...","This is Version B answer (enhanced with re-ranker)...","B","B","B","Answer B explains the relationship better","Answer B explains the relationship better"
"If a data breach affects 1000 people but poses low risk...","This is Version A answer for: If a data breach...","This is Version B answer (enhanced with re-ranker)...","A","A","A","Answer A is accurate","Answer A is accurate"
"Can a company transfer data to a country without adequate...","This is Version A answer for: Can a company transfer...","This is Version B answer (enhanced with re-ranker)...","B","B","B","Answer B explains safeguards well","Answer B explains safeguards well"
"If an employee refuses consent for processing their...","This is Version A answer for: If an employee refuses...","This is Version B answer (enhanced with re-ranker)...","A","A","A","Answer A is accurate","Answer A is accurate"
"What happens if a DPO identifies a compliance issue...","This is Version A answer for: What happens if a DPO...","This is Version B answer (enhanced with re-ranker)...","B","B","B","Answer B explains the independence protection","Answer B explains the independence protection"
"How does the 72-hour breach reporting timeline interact...","This is Version A answer for: How does the 72-hour...","This is Version B answer (enhanced with re-ranker)...","A","A","A","Answer A clarifies the distinction","Answer A clarifies the distinction"
